D,layer_type,K,hidden_size,N,epochs,lr,dtype,B,final_loss,decay_width,decay_width_error
5,pwl_layer,64,16,5000,6000,3e-05,float64,5000000,0.46364790243741655,0.16334725914271828,0.00023300418612707982
5,pwq_layer,64,16,5000,6000,3e-05,float64,5000000,0.06326850553742959,0.1557621102849405,8.87554246887665e-05
