D,B,decay_width,decay_width_error
5,5000000,0.16407254746365746,0.00033155184960991885
